{
  "preprocessing": {
    "start": 1777463226.896512,
    "end": 1777463235.8390265,
    "elapsed_sec": 8.94,
    "elapsed_min": 0.15
  },
  "image_download": {
    "start": 1777369059.9701407,
    "end": 1777382062.7039492,
    "elapsed_sec": 13002.73,
    "elapsed_min": 216.71
  },
  "tfidf_sentiment": {
    "start": 1777463403.7464192,
    "end": 1777463489.7441745,
    "elapsed_sec": 86.0,
    "elapsed_min": 1.43
  },
  "tfidf_category": {
    "start": 1777463489.8025107,
    "end": 1777463571.1100833,
    "elapsed_sec": 81.31,
    "elapsed_min": 1.36
  },
  "tfidf_category_ablation": {
    "start": 1777463571.1700034,
    "end": 1777463646.9873672,
    "elapsed_sec": 75.82,
    "elapsed_min": 1.26
  },
  "fisa_inference": {
    "start": 1777463718.3271775,
    "end": 1777464097.495775,
    "elapsed_sec": 379.17,
    "elapsed_min": 6.32
  }
}